machine-dip,snKz3KZw6GA,Tricep Dip Machine | Proper Form Tutorial for Stronger Triceps
machine-bench-press,pLofEAcfsO8,Machine Chest Press | Proper Form Tutorial for a Stronger Chest
machine-bicep-curl,AR-oARBkYxI,How to PROPERLY DO Machine Bicep Curls (Machine Preacher Curls)
machine-preacher-curl,R-8Sa0_qiws,How to PROPERLY Do The Machine Preacher Curl (LEARN FAST) | Eb & Swole | Men's Health Muscle
machine-shoulder-press,e5gJP7quyGk,Shoulder Press Machine (With Variations) | Proper Technique + Form Tips
machine-tricep-extension,hJeS3MY4Drs,Seated Tricep Extension Machine (Tutorial + Tips) | Team Evolve
narrow-stance-squat,gW6H_3waDno,Narrow-Stance Back Squat | Olympic Weightlifting Exercise Library
natural-glute-ham-raise,X-j0ZMDy-QE,Nordic Curl | Glute Ham Raise | Bodyweight Hamstring - Functional Strength and Fitness Exercises
neutral-grip-db-row,--gDUDFKx6Q,Bent Over Two Dumbbell Row - Back Exercise - Bodybuilding.com
one-arm-cable-tricep-extension,oxXEsQgIUrM,Single-Arm Tricep Pushdown | Olympic Weightlifting Exercise Library
one-arm-db-bench-press,td-4lC0tXKA,How to Do One-Arm Dumbbell Bench Press | Chest Workout
one-arm-lat-pulldown,iVfZB4YmLRM,One-Arm Lat Pulldown by Jim Stoppani
one-arm-db-row,pYcpY20QaE8,How To: Dumbbell Bent-Over Row (Single-Arm)
one-arm-db-shoulder-press,JyJJLEnCcUo,How To Do A STANDING SINGLE ARM DUMBBELL SHOULDER PRESS | Exercise Demonstration Video and Guide
overhead-rope-tricep-extension,AUsSlsBu5eg,Overhead Rope Tricep Extensions (How To)
overhead-cable-curl,L9GwtjwAM8Y,How To: Standing Cable Double-Bicep Curl
ohp,nNMR9fRGRjQ,How to Press: Proper Overhead Press Form (Step-by-Step Tutorial)
overhead-squat,m_fvfJi94D8,Overhead Squat | Olympic Weightlifting Exercise Library
oh-tricep-ext,X-iV-cG8cYs,How To PROPERLY Overhead Dumbbell Tricep Extension | 3 Muscle Gain Variations
pallof-press,xeFp4MXad98,Cable Pallof Press | Proper Form Tutorial for Core Stability
pec-deck-fly,10hg4LAa7UQ,How to Perform a Peck Deck Fly | Hunter Labrada
plank,mwlp75MS6Rg,How to do a Plank | Proper Form & Technique | NASM
power-clean,YG8M_-11C2A,Power Clean | Olympic Weightlifting Exercise Library
preacher-curl,e7X6G07KnPI,EZ-Bar Preacher Curl | Proper Form Tutorial for Bigger Biceps
pull-up,eGo4IYlbE5g,The Perfect Pull Up - Do it right!
push-press,iaBVSJm78ko,The Push Press
push-up,IODxDxX7oi4,The Perfect Push Up | Do it right!
wide-push-up,rr6eFNNDQdU,How to Do a Wide Grip Push-Up | Chest Workout
reverse-crunch,nYcE7-Dhpzk,Reverse Crunch: How To (3 steps to proper form)
reverse-grip-bent-over-row,gqLeLrwTZus,Reverse-Grip Bent Row | Olympic Weightlifting Exercise Library
reverse-grip-tricep-pushdown,Xw3MsQTwH_Q,Reverse-Grip Tricep Pushdown | Olympic Weightlifting Exercise Library
reverse-hyperextension,cZSxxPkCDy0,How to Use the Reverse Hyper Correctly (Most People Do It Wrong)
reverse-pec-deck,v0rJuhEa59c,Reverse Pec Deck Fly | Proper Form Tutorial for Rear Delts
rdl,_oyxCn2iSjU,HOW TO DO ROMANIAN DEADLIFTS (RDLs): Build Beefy Hamstrings With Perfect Technique
rope-crunch,ToJeyhydUxU,Cable Crunch: Do It Right!
russian-twist,DF0sPfwys_g,How to Do Russian Twists Correctly
seated-cable-row,f_r95UajQcg,How to Do a Seated Cable Row
seated-calf-raise-machine,I1uQtobaNRQ,Seated Calf Raise | Proper Form Tutorial for Stronger Calves
seated-db-curl,s9GGVuUXgmY,How To Do A Seated Dumbbell Bicep Curl | Exercise Demonstration Video and Guide
seated-db-shoulder-press,1jYq9QQEWqE,How to Perform Seated Dumbbell Shoulder Press | Shoulders Exercise Tutorial
seated-leg-curl,_2Kd0d-JEUM,How to do a Seated Leg Curl | Proper Form & Technique | NASM
seated-one-arm-cable-row,di6xdmulLJc,How To Do Seated One Arm Cable Pulley Rows | Exercise Demo
side-plank,44ND4bOB-T0,How to do a Side Plank | Proper Form & Technique | NASM
single-leg-glute-bridge,_K_di6h2-Wg,How to do a Single-Leg Glute Bridge | The Right Way | Well+Good
single-arm-push-up,xp1tgjT_3k0,How to One Arm Push Up
single-leg-extension,KnXZk0hK4nQ,How to Do a Single Leg Extension | Exercise Tutorial
sit-up,1fbU_MkV7NE,How to Do a Sit Up
skull-crusher,9baX4-wEYx8,How to Perform Skull Crushers - Triceps Exercise Tutorial
smith-machine-row,7PhvyukQ4Sw,How To: Smith Machine- Overhand-Grip Bent-Over Row
smith-machine-calf-raise,1lKjFPrYqf0,Smith Machine Calf Raises | Quick Exercise Guide
smith-machine-overhead-press,cEBAJ6lAQS4,Smith Machine Shoulder Press | Proper Form Tutorial for Shoulder Strength
smith-machine-reverse-calf-raise,y_HYoKh7LJA,Smith Machine Reverse Calf Raises
smith-machine-squat,3PpzYOubZ5A,How to Properly Perform Smith Machine Squats With Good Form (Exercise Demonstration)
smith-machine-stiff-leg-deadlift,LcPZdHibUrc,Smith Machine RDL / Stiff Leg Deadlift: How To
smith-machine-split-squat,adHTwUipN1o,How To: Smith Machine Bulgarian Split Squat
snatch-pull,G1QygZ3Kd3w,Snatch Pull | Olympic Weightlifting Exercise Library
spider-curl,jmXXRM755MM,Spider Curl | Proper Form Tutorial for Maximum Biceps Activation
split-jump,x3avm4QPINk,How to Do the Split Lunge Jump | Fitness How To
standing-barbell-calf-raise,3UWi44yN-wM,How To: Standing Barbell Calf Raise
standing-cable-curl,16aEi1a68E0,How to Do the Cable Biceps Curl With Perfect Form | Form Check | Men's Health Muscle
standing-calf-raise-machine,MAMzF7iZNkc,Standing Calf Raises - Calves Exercise - Bodybuilding.com
standing-db-calf-raise,wxwY7GXxL4k,Standing Dumbbell Calf Raises - Calf Exercise - Bodybuilding.com
standing-db-tricep-extension,-Vyt2QdsR7E,How To: Standing Overhead Dumbbell Tricep Extension
standing-leg-curl,rDRwAURNbzU,How To Do A STANDING LEG CURL | Exercise Demonstration Video and Guide
step-up-knee-raise,muzaodicUyc,How to Do a Step-Up with a Knee Raise | Sexy Butt
stiff-leg-deadlift,1uDiW5--rAE,How To: Barbell Stiff-Leg Deadlift
stiff-leg-db-deadlift,KE2A7G_nDc8,Dumbbell Stiff Leg Deadlift Tutorial
straight-arm-pulldown,wcVDItawocI,Straight Arm Pulldown - Back Exercise - Bodybuilding.com
sumo-deadlift,JbY72Him34Q,How To Correctly Perform A Sumo Deadlift
t-bar-row,SbZycT7Eq58,T-BAR ROW | Back | How-To Exercise Tutorial
tate-press,c86r5KVF7Xo,Tate Press | Proper Form Tutorial for Triceps Isolation
toe-touch,rHEzFsLf4-o,Toe Touches | Proper Form Tutorial for Ab Activation
tricep-pushdown,HIKzvHkibWc,Triceps Pushdown - Tricep Exercise - Bodybuilding.com
rope-tricep-pushdown,n2FSCB4vRSA,How to PROPERLY Do Cable Rope Pushdowns
underhand-lat-pulldown,SNiwpA13ZLU,How To Do A Reverse Grip Lat Pulldown
upright-row,amCU-ziHITM,How To: Barbell Upright Row
v-bar-pulldown,evBZRjyVRp4,Build a V-Tapered Back With The Close Grip Lat Pulldown | Eb & Swole | Men's Health Muscle
wide-grip-bench-press,lTu5YGNA7yY,The Wide Grip Bench Press: Gym Shorts (How To)
wide-grip-lat-pulldown,lueEJGjTuPQ,Wide-Grip Lat Pulldown | Back Exercise Guide
wide-grip-pull-up,9A6NPVPzkqQ,How to Do Wide Grip Pullups | Perfect Form in 30 Seconds
zercher-squat,bIO-Ept_l-Y,How to Perform Zercher Squats - Leg + Core Squat Exercise
zottman-curl,D7bMA4WEKMI,How to Perform Zottman Curls | Bicep / Forearms Exercise Tutorial
