ab-crunch-machine,G8937xqkxDo,Machine Crunch | Proper Form Tutorial for Stronger Abs
alternating-cable-shoulder-press,iJW_dJkgDvY,How To Do Alternating Cable Shoulder Press | Exercise Demo
arnold-press,6Z15_WdXmVw,Arnold Press - Shoulder Exercise - Proper Form Tutorial
back-squat,bEv6CCg2BC8,How To Get A Huge Squat With Perfect Technique (Fix Mistakes)
barbell-ab-rollout,O-d6HC9gLcw,How to : Barbell Ab Rollout - Abs Roller Exercise
barbell-curl,QZEqB6wUPxQ,How To: Barbell Bicep Curl | 3 GOLDEN RULES
barbell-glute-bridge,0od5lwWMGV8,How To: Barbell Glute Bridge | 3 GOLDEN RULES (BUILD BIGGER GLUTES!)
guillotine-bench-press,JIECaET8nt4,How To: Barbell Flat Bench Guillotine Press
barbell-hack-squat,EdtaJRBqwes,How to Perform Barbell Hack Squats - Big Quads Exercise
barbell-hip-thrust,S_uZP4UH6J0,How To Do A Barbell Hip Thrust The RIGHT Way! (FIX THIS!!!)
barbell-lunge,NcDtORTfVNQ,How to PROPERLY Barbell Lunge (AVOID THESE MISTAKES)
barbell-rear-delt-row,XagV4XfG9fo,Barbell Rear Delt Row - Shoulder Exercise - Bodybuilding.com
barbell-row,kBWAon7ItDw,How To PROPERLY Barbell Row For A Bigger Back (Stop Making These Mistakes!)
barbell-seated-calf-raise,PMYBu2wyczo,Seated Barbell Calf Raises - OPEX Exercise Library
barbell-step-up,MRtbwZPK7iY,How To Do A BARBELL STEP UP | Exercise Demonstration Video and Guide
barbell-walking-lunge,X9QswJmhBQI,Barbell Walking Lunges
bench-dip,j_WpuVY3wbo,"How To Do Bench Dips For Bigger Triceps - The Proper Form, Sets, Reps & Routine Recommendations"
bench-press,vcBig73ojpE,How To Get A Huge Bench Press with Perfect Technique
chest-supported-rear-delt-raise,xEE_7TCAEmU,How To Do Bent Over Dumbbell Rear Delt Raise Head On Bench | Exercise Demo
barbell-pullover,7Oe6NoChaKo,Bent Arm Barbell Pullover - Lat Exercises
bicep-curl,XE_pHwbst04,Bicep Curls — (DUMBBELL FORM & TECHNIQUE)
bicycle-crunch,PAEo-zRSanM,"How To Do Bicycle Crunches For Beginners - The Proper Form, Muscle Building Benefits & Routine"
bodyweight-squat,cB0cOX7gePg,How to Do a Proper Bodyweight Squat | Nerd Fitness
box-squat,j4Tu3rVThFM,How to Box Squat CORRECTLY (SAVE YOUR KNEES!)
cable-chest-press,u74FbPhR8iE,How To Do Standing Cable Chest Press | Exercise Demo
cable-crossover,aoP0s_MjN-g,Cable Crossover - Chest Exercise - Bodybuilding.com
cable-crunch,kc0PRn372lo,How To Do A KNEELING CABLE CRUNCH | Exercise Demonstration Video and Guide
cable-hammer-curl,VY4walmoM-I,How to Perform Cable Hammer Curls | Biceps Exercise Tutorial
cable-preacher-curl,vruRZKgRzv0,How To Do Cable Preacher Curl | Exercise Demo
cable-rear-delt-fly,lq9K3lnHWKk,How To PROPERLY Perform a Standing Cable Rear Delt Fly
cable-rope-rear-delt-row,QPzdXm3osCk,How To Do Cable Rope Rear Delt Rows | Exercise Demo
cable-russian-twist,WyQjF9u7Auo,How To Do Cable Russian Twist | Exercise Demo
cable-lateral-raise,qitQHqNZbeM,How to PROPERLY Cable Lateral Raise (TRY THIS!)
cable-shoulder-press,fBTGwHChaf4,How to Perform Cable Shoulder Press (Improve Shoulder Health)
calf-press-leg-press,8k435cj30gc,How to do a Leg Press Calf Raise | Proper Form & Technique | NASM
calf-raise,SVtg-1loH4c,How to PROPERLY Standing Calf Raise | Tips & Common Mistakes
db-calf-raise,uhLjADhUxFM,Single Leg Dumbbell Calf Raise
chin-up,e1YSApl-QcM,PERFECT CHIN-UPS | The Only Chin-up Tutorial You'll Ever Need (Full Guide)
clean-deadlift,iCWAMA9Zeus,Clean Deadlift | Olympic Weightlifting Exercise Library
clock-push-up,kQ4CHL1NP44,How To Do Clock Push Up | Exercise Demo
close-grip-bench-press,nEF0bv2FW94,How To: Close-Grip Barbell Bench Press
close-grip-db-press,zZX5AGyg3VQ,How To: Close Grip Dumbbell Press | Save Your Shoulders!
close-grip-lat-pulldown,mUoo2l-p8Hw,Close Grip Lat Pulldown | Proper Technique + Form Tips
close-grip-barbell-curl,vSupPQiBkeY,How To: Close-Grip Straight-Bar Bicep Curl
concentration-curl,ZcU2hN76UyA,Concentration Curls - Biceps Exercise - Bodybuilding.com
deadlift,VL5Ab0T07e4,Build A Bigger Deadlift With Perfect Technique (Conventional Form)
cross-body-hammer-curl,0jLf1MYSp3c,Cross-Body Hammer Curl by Jim Stoppani
cuban-press,e7gGRU0o-Q8,How To Perform the Cuban Press - Exercise Tutorial
dead-bug,bxn9FBrt4-A,How to do a Dead Bug | Proper Form & Technique | NASM
decline-bench-press,LfyQBUKR8SE,How To: Barbell Decline Bench Press
decline-crunch,FRzQXeN1hro,Decline Crunch - Abs Exercise
decline-db-bench-press,KYJgQZPwGS8,"Dumbbell Decline Bench Press | Technique, Sets, Reps & Mistakes"
decline-push-up,SKPab2YC8BE,How To: Decline Push-Up
db-bench-press,pKZMNVbfUzQ,Dumbbell Bench Press (proper form and variations)
db-clean,FRkZEvIXb0k,Instructional: Dumbbell Clean
db-flye,QENKPHhQVi4,How to Properly Do a DUMBBELL FLY | Mind Pump
incline-db-row,_b6ch2nIchk,"How To Do The Chest Supported Dumbbell Row Correctly - Proper Form, Sets & Reps Tutorial"
db-lunge,3TM-vVWuLYE,How To Do A DUMBBELL FORWARD LUNGE | Exercise Demonstration Video and Guide
db-row,pYcpY20QaE8,How To: Dumbbell Bent-Over Row (Single-Arm)
db-shoulder-press,qEwKCR5JCog,How To: Dumbbell Shoulder Press
db-squat,v_c67Omje48,How to Dumbbell Squat | Mike Hildebrandt
db-step-up,aKj-6hgiViA,How To PROPERLY Perform Dumbbell Step Ups (GLUTE FOCUSED)
face-pull,eTCBSFlCJ_s,How to do a Face Pull | Proper Form & Technique | NASM
lying-leg-raise,H3P_Zx_oXGY,Tutorial | Flat Bench Lying Leg Raise
flutter-kicks,KmwA9FDo13I,Movement Demo - Flutter Kicks
jump-squat,tZSYZdtbONc,How to do a Squat Jump | Proper Form & Technique | NASM
cable-front-raise,RIAfO1-M_F4,Cable Front Raise | Olympic Weightlifting Exercise Library
front-raise,qmFQTDYwpsg,How to PROPERLY Dumbbell Front Raise | Avoid These DB Front Raise Mistakes!
incline-db-front-raise,pJklk7UR69s,Tutorial | Front Incline Dumbbell Raise
front-squat,v-mQm_droHg,HOW TO FRONT SQUAT: Build Bigger Quads & A Stronger Squat
glute-bridge,8bbE64NuDTU,How To: Glute Bridge
glute-ham-raise,TzowfEB3NqI,Glute Hamstring Raise (GHR) - Tutorial
glute-kickback,PiateWJip1M,How To Do Kickbacks For Glutes (Every Variation Explained!)
goblet-squat,gm4ln6PO4rc,How to PROPERLY Goblet Squat (FIX THIS NOW!)
good-morning,f23vXjoG2e8,"HOW TO DO THE GOOD MORNING EXERCISE: Build Your Glutes, Hamstrings And Squat With Perfect Technique"
hack-squat-machine,-lAnEGH2blE,How to Do the Hack Squat | Build Stronger Legs with Proper Form
hammer-curl,BRVDS6HVR9Q,How To Perform HAMMER CURLS | Biceps Exercise Tutorial
handstand-push-up,FaRge9WFzWg,HOW TO HANDSTAND PUSH UP
hang-snatch,Php-RclQ1yU,Hang Snatch | Olympic Weightlifting Exercise Library
hanging-leg-raise,fLbZrF6MZuE,"Hanging Leg/Knee Raise Tutorial — Muscles Worked, Benefits, and Form"
incline-bench-press,SrqOu55lrYU,How To: Incline Barbell Bench Press | 3 GOLDEN RULES! (MADE BETTER!)
incline-db-curl,DCe8f6vMe9A,Stop Screwing Up Incline Dumbbell Curls (PROPER FORM!)
incline-db-press,8iPEnn-ltC8,How To: Dumbbell Incline Chest Press
inverted-row,hXTc1mDnZCw,"Inverted Row Guide | Form Tips, Muscles Worked, and Mistakes"
jm-press,xvSYujmY_EY,JM Press | Olympic Weightlifting Exercise Library
kneeling-jump-squat,4qK55avGyy4,Kneeling Jump Squat | Plyometric | Strength and Conditioning Exercises
kneeling-squat,OH46WhF0WUg,How to do Kneeling Squats with a Barbell or Dumbbells | Kyra Williams Fitness' Favorite Exercises
landmine-180,YC7poHGaVFE,How to Perform Landmine 180 Abs Exercise
lat-pulldown,CAwf7n6Luuc,How To: Lat Pulldown | 3 GOLDEN RULES
lat-raise,4hTUCDUQaNA,The Only Dumbbell Lateral Raise Guide You Need (For Side Delt Growth)
leg-curl,vl5nUdE9mWM,"How to Lying Leg Curl | Proper Technique, Set Up, & Mistakes"
leg-extension,tTbJBUKnWU8,The RIGHT Way To Use The Leg Extension For Big Quads! (FIX YOUR FORM!)
leg-lift,0tzBVqiDwSs,Lying Leg Raises [Correct Form & Tutorial]
leg-press,K5n2vg3oZa4,How to PROPERLY Leg Press (FIX YOUR FORM NOW)
incline-machine-chest-press,xwK8Wd5F0Hk,Hammer Strength Plate-Loaded Incline Press Instructions
leverage-iso-row,BeTZjAneZpk,Hammer Strength Plate-Loaded Row Instructions
leverage-shoulder-press,X0SteQbRbCo,Hammer Strength Plate-Loaded Shoulder Press Instructions
low-cable-crossover,eQ_NBB6OBH4,"HOW TO: Chest ""Low-To-High"" Cable Fly (BIGGER UPPER CHEST) || PERFECT FORM"
lying-db-tricep-extension,MO_03opCc0g,How To: Laying Dumbbell Tricep Extension
lying-rear-delt-raise,dlZdDVT6N1I,Side Lying Rear Delt Dumbbell Raise | SFS Exercise Library
lying-t-bar-row,w0KnlQ-b7jw,Lying T-Bar Row - Back Exercise - Bodybuilding.com
landmine-row,TKmtHtY7yNo,Single Arm Landmine Rows | SFS Exercise Library
cable-kickback,OV8FGnvsOOE,How To Do A SINGLE LEG CABLE KICKBACK | Exercise Demonstration Video and Guide
cable-pull-through,yXopOhzEoeo,How to PROPERLY Perform a Glute Pull Through | Fix Your Cable Pull Through Form NOW!
lateral-raise,3VcKaXpzqRo,How To: Dumbbell Side Lateral Raise
db-split-squat,vTlcCN-Kbr4,The Dumbbell Split Squat - Beginners Guide
behind-neck-press,23xRXlVZVmI,Correct Form And Safety Tips For Bigger Traps And Delts! - Barbell Behind The Neck Press | J2FIT
cable-woodchop,he4IhLc1d5k,How To Do A STANDING CABLE WOODCHOPPER | Exercise Demonstration Video and Guide
db-tricep-kickback,6SS6K3lAwZ8,How To: Tricep Kickback (Dumbbell)
